"Родительский номер ID","Номер ID","Короткое имя",Описание,"Формат описания","Значения шкалы","Конфигурация шкалы","Тип правила (необязательно)","Правило навыка (необязательно)","Конфигурация правила  (необязательно)","ID номера компетенций с перекрестными ссылками","Экспортированный ID (необязательно)","Is framework",Таксономия
,"125 – Кібербезпека","125 – Кібербезпека","<p></p><p align=""left"">
 </p><p align=""left"">
  </p><div align=""left""></div><p align=""left"">
  </p><table width=""657"" style=""width: 90%; background-color: rgb(255, 207, 53);"" border=""0"" cellspacing=""0"" cellpadding=""0""><caption><p align=""left""></p></caption><tbody><tr><th style=""border: 3px dashed rgb(239, 69, 64);"" scope=""col"">
  <p align=""left""><span lang=""UK"" style=""font-size: x-large;"">Опис предметної області </span></p>
  </th><th style=""border: 3px dashed rgb(239, 69, 64);"" scope=""col""><p align=""left""><span style=""font-size: large;"">
  </span></p><p align=""left""></p><table width=""657"" border=""0"" cellspacing=""0"" cellpadding=""0"">
 <tbody><tr>
  <td>
  <p align=""left""><span lang=""UK""><span style=""font-size: large;"">Об’єкти професійної діяльності
  випускників:</span>&nbsp; </span></p>
  <ol><li><div align=""left""><span lang=""UK"">об'єкти інформатизації, включаючи комп'ютерні, автоматизовані, телекомунікаційні, інформаційні</span></div></li><li><div align=""left""><span lang=""UK"">&nbsp;</span><!--[endif]--><span lang=""UK"">інформаційно-аналітичні, інформаційно-</span><span lang=""UK"">&nbsp; </span><!--[endif]--><span lang=""UK"">телекомунікаційні системи, інформаційні ресурси і технології;&nbsp;</span></div></li><li><div align=""left""><span lang=""UK"">&nbsp;</span><span lang=""UK"">технології забезпечення безпеки інформації;&nbsp;</span></div></li><li><div align=""left""><span lang=""UK"">процеси управління інформаційною та/або кібербезпекою об’єктів, що підлягають захисту. </span></div></li></ol>
  <p align=""left""><span style=""font-size: large;"">Цілі  навчання
  :&nbsp;</span></p><ul><li><div align=""left""><span lang=""UK"">підготовка фахівців, &nbsp;&nbsp;&nbsp; здатних використовувати &nbsp;&nbsp;&nbsp;&nbsp;&nbsp;&nbsp; і впроваджувати &nbsp;&nbsp; технології інформаційної та/або кібербезпеки. </span></div></li></ul>
  <p align=""left""><span lang=""UK"" style=""font-size: large;"">Теоретичний зміст предметної області :</span></p>
  <p align=""left""><span lang=""UK"" style=""font-size: medium;"">Знання</span><u><span lang=""UK"">:</span></u><span lang=""UK""> </span></p>
  <ol><li><div align=""left""><span lang=""UK"">законодавчої, нормативно-правової бази України та вимог відповідних міжнародних стандартів і практик щодо здійснення професійної діяльності; </span></div></li><li><div align=""left""><span lang=""UK"">&nbsp;</span><!--[endif]--><span lang=""UK"">принципів &nbsp; супроводу &nbsp; систем та комплексів інформаційної та/або кібербезпеки;&nbsp; </span></div></li><li><div align=""left""><span lang=""UK"">теорії, моделей та принципів управління доступом до інформаційних ресурсів</span></div></li><li><div align=""left""><span lang=""UK"">&nbsp;</span><!--[endif]--><span lang=""UK"">теорії систем управління інформаційною та/або кібербезпекою;&nbsp;</span></div></li><li><div align=""left""><span lang=""UK"">методів та засобів виявлення, управління та ідентифікації ризиків;</span></div></li><li><div align=""left""><span lang=""UK"">методів та засобів оцінювання та забезпечення необхідного рівня захищеності інформації;</span></div></li><li><div align=""left""><span lang=""UK"">методів та засобів технічного та криптографічного захисту інформації;</span></div></li><li><div align=""left""><span lang=""UK"">сучасних інформаційно-комунікаційних технологій;</span></div></li><li><div align=""left""><span lang=""UK"">сучасного програмно-апаратного забезпечення інформаційно-комунікаційних технологій;</span></div></li><li><div align=""left""><span lang=""UK"">автоматизованих систем проектування.&nbsp; </span></div></li><li><div align=""left""><span lang=""UK"">сучасних інформаційно-комунікаційних технологій;&nbsp;</span></div></li><li><div align=""left""><span lang=""UK"">сучасного програмно-апаратного забезпечення інформаційно-комунікаційних технологій;&nbsp;</span></div></li><li><div align=""left""><span lang=""UK"">а</span><span lang=""UK"">втоматизованих систем проектування. &nbsp;</span><span lang=""UK""> &nbsp; </span><!--[endif]--><span lang=""UK"">&nbsp;</span></div></li></ol>
  </td>
 </tr>
</tbody></table><br><p></p></th></tr><tr><td width=""162"" valign=""top"" style=""border: 3px dashed rgb(239, 69, 64);""><br></td><td width=""495"" valign=""top"" style=""border: 3px dashed rgb(239, 69, 64);""><p align=""left""><span lang=""UK"">&nbsp;</span></p>
  </td>
 </tr>
 <tr>
  <td width=""162"" valign=""top"" style=""border: 3px dashed rgb(239, 69, 64);"">
  <p align=""left""><span lang=""UK"" style=""font-size: large;"">Академічні права випускників:</span></p>
  </td>
  <td width=""495"" valign=""top"" style=""border: 3px dashed rgb(239, 69, 64);"">
  <p><span lang=""UK"" style=""font-size: large;""><span style=""font-size: medium;"">Можливість продовжити навчання за
  освітньою програмою ступеня магістра.</span> </span></p>
  </td>
 </tr>
</tbody></table><b></b><b></b><br><p></p>",1,"Not yet competent,Competent","[{""scaleid"":""10""},{""id"":2,""scaledefault"":1,""proficient"":1}]",,,,,,1,"domain,competency,proficiency,competency"
125/вміння,125/ВМ,"ВМ 44","<p><span lang=""UK-UA"" lang=""UK-UA"" xml:lang=""UK-UA""></span><span lang=""UK-UA"" lang=""UK-UA"" xml:lang=""UK-UA"">вирішувати задачі забезпечення безперервності бізнес-процесів організації на основі теорії ризиків та встановленої системи управління інформаційною безпекою, згідно з вітчизняними та міжнародними вимогами та стандартами;</span><br></p>",1,,,,0,null,,1232,,
125/вміння,"125/ВМ""","ВМ 2","<p><span lang=""UK-UA"" lang=""UK-UA"" xml:lang=""UK-UA""></span><span lang=""UK-UA"" lang=""UK-UA"" xml:lang=""UK-UA"">організовувати власну професійну діяльність, обирати оптимальні методи та способи розв’язування складних спеціалізованих задач та практичних проблем у професійній діяльності, оцінювати їхню ефективність;&nbsp;</span><br></p>",1,,,,0,null,,1183,,
125/вміння,125/ВМ1,"ВМ 1","<p><span lang=""UK"">застосовувати знання державної та іноземних мов з
метою забезпечення ефективності професійної комунікації; </span><br></p>",1,,,,0,null,,1182,,
125/вміння,125/ВМ10,"ВМ 10","<p><span lang=""UK-UA"" lang=""UK-UA"" xml:lang=""UK-UA""></span><span lang=""UK-UA"" lang=""UK-UA"" xml:lang=""UK-UA"">виконувати аналіз та декомпозицію інформаційно-телекомунікаційних систем;&nbsp;</span><br></p>",1,,,,0,null,,1191,,
125/вміння,125/ВМ11,"ВМ 11","<p><span lang=""UK-UA"" lang=""UK-UA"" xml:lang=""UK-UA""></span><span lang=""UK-UA"" lang=""UK-UA"" xml:lang=""UK-UA"">виконувати аналіз </span><span lang=""UK-UA"" lang=""UK-UA"" xml:lang=""UK-UA"">зв’язків</span><span lang=""UK-UA"" lang=""UK-UA"" xml:lang=""UK-UA""> між інформаційними процесами на віддалених обчислювальних системах;</span><br></p>",1,,,,0,null,,1192,,
125/вміння,125/ВМ12,"ВМ 12","<p><span lang=""UK-UA"" lang=""UK-UA"" xml:lang=""UK-UA""></span><span lang=""UK-UA"" lang=""UK-UA"" xml:lang=""UK-UA"">розробляти моделі загроз та порушника;</span><br></p>",1,,,,0,null,,1193,,
125/вміння,125/ВМ13,"ВМ 13","<p><span lang=""UK-UA"" lang=""UK-UA"" xml:lang=""UK-UA""></span><span lang=""UK-UA"" lang=""UK-UA"" xml:lang=""UK-UA""></span><span lang=""UK-UA"" lang=""UK-UA"" xml:lang=""UK-UA""></span><span lang=""UK-UA"" lang=""UK-UA"" xml:lang=""UK-UA""> </span><span lang=""UK-UA"" lang=""UK-UA"" xml:lang=""UK-UA"">аналізувати </span><span lang=""UK-UA"" lang=""UK-UA"" xml:lang=""UK-UA"">проекти </span><span lang=""UK-UA"" lang=""UK-UA"" xml:lang=""UK-UA"">інформаційно-телекомунікаційних </span><span lang=""UK-UA"" lang=""UK-UA"" xml:lang=""UK-UA"">систем базуючись на стандартизованих технологіях та протоколах передачі даних;&nbsp;</span><br></p>",1,,,,0,null,,1194,,
125/вміння,125/ВМ14,"ВМ 14","<p><span lang=""UK-UA"" lang=""UK-UA"" xml:lang=""UK-UA""></span><span lang=""UK-UA"" lang=""UK-UA"" xml:lang=""UK-UA"">вирішувати завдання захисту програм та інформації, що обробляється в інформаційно-телекомунікаційних системах програмно-апаратними засобами та давати оцінку результативності якості прийнятих рішень;&nbsp;</span><br></p>",1,,,,0,null,,1195,,
125/вміння,125/ВМ15,"ВМ 15","<p><span lang=""UK-UA"" lang=""UK-UA"" xml:lang=""UK-UA""></span><span lang=""UK-UA"" lang=""UK-UA"" xml:lang=""UK-UA"">використовувати </span><span lang=""UK-UA"" lang=""UK-UA"" xml:lang=""UK-UA"">сучасне </span><span lang=""UK-UA"" lang=""UK-UA"" xml:lang=""UK-UA"">програмно-апаратне </span><span lang=""UK-UA"" lang=""UK-UA"" xml:lang=""UK-UA"">забезпечення інформаційно-комунікаційних технологій;</span><br></p>",1,,,,0,null,,1196,,
125/вміння,125/ВМ16,"ВМ 16","<p><span lang=""UK-UA"" lang=""UK-UA"" xml:lang=""UK-UA""></span><span lang=""UK-UA"" lang=""UK-UA"" xml:lang=""UK-UA"">реалізовувати комплексні системи захисту інформації в автоматизованих системах (АС) організації (підприємства) відповідно до вимог нормативно-правових документів;</span><br></p>",1,,,,0,null,,1197,,
125/вміння,125/ВМ17,"ВМ 17","<p><span lang=""UK-UA"" lang=""UK-UA"" xml:lang=""UK-UA""></span><span lang=""UK-UA"" lang=""UK-UA"" xml:lang=""UK-UA"">забезпечувати процеси захисту та функціонування інформаційно</span><span lang=""UK-UA"" lang=""UK-UA"" xml:lang=""UK-UA"">-</span><span lang=""UK-UA"" lang=""UK-UA"" xml:lang=""UK-UA"">телекомунікаційних&nbsp; (автоматизованих) систем на основі практик, навичок та знань, щодо структурних (структурно-логічних) схем, топології мережі, сучасних </span><span lang=""UK-UA"" lang=""UK-UA"" xml:lang=""UK-UA"">архітектур</span><span lang=""UK-UA"" lang=""UK-UA"" xml:lang=""UK-UA""> та моделей захисту електронних інформаційних ресурсів з відображенням взаємозв’язків та інформаційних потоків, процесів для внутрішніх і віддалених компонент;</span><br></p>",1,,,,0,null,,1198,,
125/вміння,125/ВМ18,"ВМ 18","<p><span lang=""UK-UA"" lang=""UK-UA"" xml:lang=""UK-UA""></span><span lang=""UK-UA"" lang=""UK-UA"" xml:lang=""UK-UA"">використовувати програмні та програмно-апаратні комплекси захисту інформаційних ресурсів;&nbsp;</span><br></p>",1,,,,0,null,,1199,,
125/вміння,125/ВМ19,"ВМ 19","<p><span lang=""UK-UA"" lang=""UK-UA"" xml:lang=""UK-UA""></span><span lang=""UK-UA"" lang=""UK-UA"" xml:lang=""UK-UA"">застосовувати теорії та методи захисту для забезпечення безпеки інформації в інформаційно-телекомунікаційних системах;&nbsp;</span><br></p>",1,,,,0,null,,1200,,
125/вміння,125/ВМ20,"ВМ 20","<p>забезпечувати функціонування спеціального програмного забезпечення, щодо захисту&nbsp; інформації від руйнуючих програмних впливів, руйнуючих кодів в інформаційно-телекомунікаційних системах;&nbsp;&nbsp;<br></p>",1,,,,0,null,,1201,,
125/вміння,125/ВМ21,"ВМ 21","<p><span lang=""UK-UA"" lang=""UK-UA"" xml:lang=""UK-UA""></span><span lang=""UK-UA"" lang=""UK-UA"" xml:lang=""UK-UA"">вирішувати задачі забезпечення та супроводу (</span><span lang=""UK-UA"" lang=""UK-UA"" xml:lang=""UK-UA"">в.т</span><span lang=""UK-UA"" lang=""UK-UA"" xml:lang=""UK-UA"">. числі: огляд, тестування, підзвітність) системи управління доступом згідно встановленої політики безпеки в інформаційних та інформаційно</span><span lang=""UK-UA"" lang=""UK-UA"" xml:lang=""UK-UA"">-</span><span lang=""UK-UA"" lang=""UK-UA"" xml:lang=""UK-UA"">телекомунікаційних (автоматизованих)&nbsp; системах;&nbsp;</span><br></p>",1,,,,0,null,,1210,,
125/вміння,125/ВМ22,"ВМ 22","<p><span lang=""UK-UA"" lang=""UK-UA"" xml:lang=""UK-UA""></span><span lang=""UK-UA"" lang=""UK-UA"" xml:lang=""UK-UA"">вирішувати задачі управління процедурами ідентифікації, автентифікації, авторизації процесів і користувачів в інформаційно</span><span lang=""UK-UA"" lang=""UK-UA"" xml:lang=""UK-UA"">-</span><span lang=""UK-UA"" lang=""UK-UA"" xml:lang=""UK-UA"">телекомунікаційних системах згідно встановленої політики&nbsp;інформаційної і\або </span><span lang=""UK-UA"" lang=""UK-UA"" xml:lang=""UK-UA"">кібербезпеки</span><span lang=""UK-UA"" lang=""UK-UA"" xml:lang=""UK-UA"">;&nbsp;</span><br></p>",1,,,,0,null,,1211,,
125/вміння,125/ВМ23,"ВМ 23","<p><div><p paraeid=""{27329b8d-5d1a-43d2-ad42-c35ed08617f9}{124}"" paraid=""199006634""><span lang=""UK-UA"" lang=""UK-UA"" xml:lang=""UK-UA""></span><span lang=""UK-UA"" lang=""UK-UA"" xml:lang=""UK-UA"">реалізовувати заходи з протидії отриманню несанкціонованого доступу до інформаційних ресурсів і процесів в інформаційних та&nbsp;</span><span data-ccp-props='{""201341983"":0,""335551550"":1,""335551620"":1,""335559685"":312,""335559739"":15,""335559740"":278,""335559991"":312}'> </span><span lang=""UK-UA"" lang=""UK-UA"" xml:lang=""UK-UA"">інформаційно-телекомунікаційних&nbsp; (автоматизованих) системах;</span></p></div><br></p>",1,,,,0,null,,1212,,
125/вміння,125/ВМ24,"ВМ 24","<p><div><p paraeid=""{27329b8d-5d1a-43d2-ad42-c35ed08617f9}{149}"" paraid=""842548023""><span lang=""UK-UA"" lang=""UK-UA"" xml:lang=""UK-UA""></span><span lang=""UK-UA"" lang=""UK-UA"" xml:lang=""UK-UA"">вирішувати задачі управління доступом до інформаційних ресурсів та процесів в інформаційних та інформаційно-телекомунікаційних </span><span lang=""UK-UA"" lang=""UK-UA"" xml:lang=""UK-UA"">&nbsp;</span><span lang=""UK-UA"" lang=""UK-UA"" xml:lang=""UK-UA"">(автоматизованих) системах на основі моделей управління доступом&nbsp;</span><span data-ccp-props='{""201341983"":0,""335551550"":1,""335551620"":1,""335559685"":3019,""335559737"":109,""335559739"":25,""335559740"":259,""335559991"":10}'> </span><span lang=""UK-UA"" lang=""UK-UA"" xml:lang=""UK-UA"">(мандатних, дискреційних, рольових);&nbsp;</span></p></div><br></p>",1,,,,0,null,,1213,,
125/вміння,125/ВМ25,"ВМ 25","<p><span lang=""UK-UA"" lang=""UK-UA"" xml:lang=""UK-UA""></span><span lang=""UK-UA"" lang=""UK-UA"" xml:lang=""UK-UA"">забезпечувати введення підзвітності системи управління доступом до електронних інформаційних ресурсів і процесів в інформаційних та інформаційно-телекомунікаційних (автоматизованих) системах з використанням журналів реєстрації подій, їх аналізу та встановлених процедур захисту;&nbsp;</span><br></p>",1,,,,0,null,,1214,,
125/вміння,125/ВМ26,"ВМ 26","<p><span lang=""UK-UA"" lang=""UK-UA"" xml:lang=""UK-UA""></span><span lang=""UK-UA"" lang=""UK-UA"" xml:lang=""UK-UA"">вирішувати задачі захисту потоків даних в інформаційних, інформаційно-телекомунікаційних (автоматизованих) системах;</span></p>",1,,,,0,null,,1215,,
125/вміння,125/ВМ28,"ВМ 28","<p><span lang=""UK-UA"" lang=""UK-UA"" xml:lang=""UK-UA""></span><span lang=""UK-UA"" lang=""UK-UA"" xml:lang=""UK-UA"">аналізувати та проводити оцінку ефективності та рівня захищеності ресурсів різних класів в інформаційних та інформаційно</span><span lang=""UK-UA"" lang=""UK-UA"" xml:lang=""UK-UA"">-</span><span lang=""UK-UA"" lang=""UK-UA"" xml:lang=""UK-UA"">телекомунікаційних (автоматизованих) системах в ході проведення випробувань згідно встановленої політики інформаційної та\або </span><span lang=""UK-UA"" lang=""UK-UA"" xml:lang=""UK-UA"">кібербезпеки</span><span lang=""UK-UA"" lang=""UK-UA"" xml:lang=""UK-UA"">;</span><br></p>",1,,,,0,null,,1216,,
125/вміння,125/ВМ29,"ВМ 29","<p><span lang=""UK-UA"" lang=""UK-UA"" xml:lang=""UK-UA""></span><span lang=""UK-UA"" lang=""UK-UA"" xml:lang=""UK-UA"">здійснювати оцінювання можливості реалізації потенційних загроз інформації, що обробляється в інформаційно-телекомунікаційних системах та ефективності використання комплексів засобів захисту в умовах реалізації загроз різних класів;&nbsp;</span><br></p>",1,,,,0,null,,1217,,
125/вміння,125/ВМ3,"ВМ 3","<p><span lang=""UK"">використовувати результати самостійного пошуку,
аналізу та синтезу інформації з різних джерел для ефективного рішення
спеціалізованих задач професійної діяльності; </span><br></p>",1,,,,0,null,,1184,,
125/вміння,125/ВМ30,"ВМ 30","<p><span lang=""UK-UA"" lang=""UK-UA"" xml:lang=""UK-UA""></span><span lang=""UK-UA"" lang=""UK-UA"" xml:lang=""UK-UA"">здійснювати оцінювання можливості несанкціонованого доступу&nbsp; до елементів інформаційно-телекомунікаційних систем;</span><br></p>",1,,,,0,null,,1218,,
125/вміння,125/ВМ31,"ВМ 31","<p><span lang=""UK-UA"" lang=""UK-UA"" xml:lang=""UK-UA""></span><span lang=""UK-UA"" lang=""UK-UA"" xml:lang=""UK-UA"">застосовувати теорії та методи захисту для забезпечення безпеки елементів інформаційно-телекомунікаційних систем;</span><br></p>",1,,,,0,null,,1219,,
125/вміння,125/ВМ32,"ВМ 32","<p><span lang=""UK-UA"" lang=""UK-UA"" xml:lang=""UK-UA""></span><span lang=""UK-UA"" lang=""UK-UA"" xml:lang=""UK-UA"">вирішувати задачі управління процесами відновлення штатного функціонування&nbsp; інформаційно-телекомунікаційних систем з використанням процедур резервування згідно встановленої політики безпеки;&nbsp;</span><br></p>",1,,,,0,null,,1220,,
125/вміння,125/ВМ33,"ВМ  33","<p><span lang=""UK-UA"" lang=""UK-UA"" xml:lang=""UK-UA""></span><span lang=""UK-UA"" lang=""UK-UA"" xml:lang=""UK-UA"">вирішувати задачі&nbsp; забезпечення безперервності бізнес процесів організації на основі теорії ризиків;</span><br></p>",1,,,,0,null,,1221,,
125/вміння,125/ВМ34,"ВМ 34","<p><span lang=""UK-UA"" lang=""UK-UA"" xml:lang=""UK-UA""></span><span lang=""UK-UA"" lang=""UK-UA"" xml:lang=""UK-UA"">приймати участь у розробці та впровадженні стратегії інформаційної безпеки та/або </span><span lang=""UK-UA"" lang=""UK-UA"" xml:lang=""UK-UA"">кібербезпеки</span><span lang=""UK-UA"" lang=""UK-UA"" xml:lang=""UK-UA""> відповідно до цілей і завдань організації;</span><br></p>",1,,,,0,null,,1222,,
125/вміння,125/ВМ35,"ВМ 35","<p><span lang=""UK-UA"" lang=""UK-UA"" xml:lang=""UK-UA"">вирішувати задачі забезпечення та супроводу комплексних систем захисту інформації,&nbsp; а також протидії несанкціонованому доступу до інформаційних ресурсів і процесів в інформаційних та інформаційно</span><span lang=""UK-UA"" lang=""UK-UA"" xml:lang=""UK-UA"">-</span><span lang=""UK-UA"" lang=""UK-UA"" xml:lang=""UK-UA"">телекомунікаційних&nbsp; (автоматизованих) системах згідно встановленої політики інформаційної і\або </span><span lang=""UK-UA"" lang=""UK-UA"" xml:lang=""UK-UA"">кібербезпеки</span><span lang=""UK-UA"" lang=""UK-UA"" xml:lang=""UK-UA"">;&nbsp;</span><br></p>",1,,,,0,null,,1223,,
125/вміння,125/ВМ36,"ВМ 36","<p><span lang=""UK-UA"" lang=""UK-UA"" xml:lang=""UK-UA""></span><span lang=""UK-UA"" lang=""UK-UA"" xml:lang=""UK-UA"">виявляти небезпечні сигнали технічних засобів;&nbsp;</span><br></p>",1,,,,0,null,,1224,,
125/вміння,125/ВМ37,"ВМ 37","<p><div><p paraeid=""{2734e669-a80d-4849-b6ab-fa4e3404b2ae}{186}"" paraid=""1888892883""><span lang=""UK-UA"" lang=""UK-UA"" xml:lang=""UK-UA"">вимірювати параметри небезпечних та завадових сигналів під час інструментального контролю процесів захисту інформації та визначати ефективність захисту інформації від витоку технічними каналами відповідно до вимог нормативних документів системи технічного захисту інформації;&nbsp;</span><span data-ccp-props='{""201341983"":0,""335551550"":6,""335551620"":6,""335559685"":312,""335559737"":111,""335559739"":15,""335559740"":259,""335559991"":312}'>&nbsp;</span></p></div><br></p>",1,,,,0,null,,1225,,
125/вміння,125/ВМ38,"ВМ 38","<p><span lang=""UK-UA"" lang=""UK-UA"" xml:lang=""UK-UA""></span><span lang=""UK-UA"" lang=""UK-UA"" xml:lang=""UK-UA"">інтерпретувати результати проведення спеціальних вимірювань з використанням технічних засобів, контролю характеристик інформаційно-телекомунікаційних систем відповідно до вимог нормативних документів системи технічного захисту інформації;&nbsp;</span><br></p>",1,,,,0,null,,1226,,
125/вміння,125/ВМ39,"ВМ 39","<p></p><div><p paraeid=""{2734e669-a80d-4849-b6ab-fa4e3404b2ae}{230}"" paraid=""84390357""><span lang=""UK-UA"" lang=""UK-UA"" xml:lang=""UK-UA"">-</span><span lang=""UK-UA"" lang=""UK-UA"" xml:lang=""UK-UA""> п</span><span lang=""UK-UA"" lang=""UK-UA"" xml:lang=""UK-UA"">роводити атестацію (спираючись на облік&nbsp; та обстеження) режимних територій (зон), приміщень тощо в умовах додержання режиму секретності із фіксуванням результатів у відповідних документах;&nbsp;</span><span data-ccp-props='{""201341983"":0,""335551550"":1,""335551620"":1,""335559685"":312,""335559737"":112,""335559739"":15,""335559740"":259,""335559991"":312}'>&nbsp;</span></p></div><br><p></p>",1,,,,0,null,,1227,,
125/вміння,125/ВМ4,"ВМ 4","<p><div><p paraeid=""{40954f06-f599-494a-85bd-7616826c3cc0}{122}"" paraid=""1022172095"">а<span lang=""UK-UA"" lang=""UK-UA"" xml:lang=""UK-UA"">налізувати, аргументувати, приймати рішення при розв’язанні складних спеціалізованих задач та практичних проблем у професійній діяльності, які характеризуються комплексністю та неповною&nbsp;</span><span data-ccp-props='{""201341983"":0,""335551550"":6,""335551620"":6,""335559685"":312,""335559737"":105,""335559739"":55,""335559740"":237,""335559991"":312}'>&nbsp;</span></p></div><div><p paraeid=""{40954f06-f599-494a-85bd-7616826c3cc0}{132}"" paraid=""1867395979""><span lang=""UK-UA"" lang=""UK-UA"" xml:lang=""UK-UA"">визначеністю умов, відповідати за прийняті рішення;&nbsp;</span><span data-ccp-props='{""201341983"":0,""335551550"":1,""335551620"":1,""335559685"":312,""335559739"":15,""335559740"":259,""335559991"":10}'>&nbsp;</span></p></div><br></p>",1,,,,0,null,,1185,,
125/вміння,125/ВМ40,"ВМ 40","<p><span lang=""UK-UA"" lang=""UK-UA"" xml:lang=""UK-UA""></span><span lang=""UK-UA"" lang=""UK-UA"" xml:lang=""UK-UA""> </span><span lang=""UK-UA"" lang=""UK-UA"" xml:lang=""UK-UA"">інтерпретувати результати проведення спеціальних вимірювань з використанням технічних засобів, контролю характеристик ІТС відповідно до вимог нормативних документів системи технічного захисту інформації;&nbsp;</span><br></p>",1,,,,0,null,,1228,,
125/вміння,125/ВМ41,"ВМ 41","<p><span lang=""UK-UA"" lang=""UK-UA"" xml:lang=""UK-UA""></span><span lang=""UK-UA"" lang=""UK-UA"" xml:lang=""UK-UA"">забезпечувати неперервність процесу ведення журналів реєстрації подій та інцидентів на основі автоматизованих процедур;&nbsp;</span><br></p>",1,,,,0,null,,1229,,
125/вміння,125/ВМ42,"ВМ 42","<p><span lang=""UK-UA"" lang=""UK-UA"" xml:lang=""UK-UA""></span><span lang=""UK-UA"" lang=""UK-UA"" xml:lang=""UK-UA"">впроваджувати процеси виявлення, ідентифікації, аналізу та реагування на інциденти інформаційної і/або </span><span lang=""UK-UA"" lang=""UK-UA"" xml:lang=""UK-UA"">кібербезпеки</span><span lang=""UK-UA"" lang=""UK-UA"" xml:lang=""UK-UA"">;&nbsp;</span><br></p>",1,,,,0,null,,1230,,
125/вміння,125/ВМ43,"ВМ 43","<p><span lang=""UK-UA"" lang=""UK-UA"" xml:lang=""UK-UA""></span><span lang=""UK-UA"" lang=""UK-UA"" xml:lang=""UK-UA"">застосовувати національні та міжнародні регулюючі акти в сфері інформаційної безпеки та/ або </span><span lang=""UK-UA"" lang=""UK-UA"" xml:lang=""UK-UA"">кібербезпеки</span><span lang=""UK-UA"" lang=""UK-UA"" xml:lang=""UK-UA""> для розслідування інцидентів;&nbsp;</span><br></p>",1,,,,0,null,,1231,,
125/вміння,125/ВМ45,"ВМ 45","<p><span lang=""UK-UA"" lang=""UK-UA"" xml:lang=""UK-UA""></span><span lang=""UK-UA"" lang=""UK-UA"" xml:lang=""UK-UA"">застосовувати ріні класи політик інформаційної безпеки та/ або </span><span lang=""UK-UA"" lang=""UK-UA"" xml:lang=""UK-UA"">кібербезпеки</span><span lang=""UK-UA"" lang=""UK-UA"" xml:lang=""UK-UA"">, що базуються на ризик-орієнтованому контролі доступу до інформаційних активів;</span><br></p>",1,,,,0,null,,1233,,
125/вміння,125/ВМ46,"ВМ 46","<p><span lang=""UK-UA"" lang=""UK-UA"" xml:lang=""UK-UA""></span><span lang=""UK-UA"" lang=""UK-UA"" xml:lang=""UK-UA"">здійснювати аналіз та мінімізацію ризиків обробки інформації в інформаційно-телекомунікаційних системах;&nbsp;</span><br></p>",1,,,,0,null,,1234,,
125/вміння,125/ВМ47,"ВМ 47","<p><span lang=""UK-UA"" lang=""UK-UA"" xml:lang=""UK-UA""></span><span lang=""UK-UA"" lang=""UK-UA"" xml:lang=""UK-UA"">вирішувати задачі захисту інформації, що обробляється в інформаційно-телекомунікаційних системах з використанням сучасних методів та засобів криптографічного захисту інформації;&nbsp;</span><br></p>",1,,,,0,null,,1235,,
125/вміння,125/ВМ48,"ВМ 48","<p>виконувати впровадження та підтримку систем виявлення вторгнень та використовувати компоненти криптографічного захисту для забезпечення необхідного рівня захищеності інформації в інформаційно-телекомунікаційних системах;&nbsp;<br></p>",1,,,,0,null,,1236,,
125/вміння,125/ВМ49,"ВМ 49 ","<p><span lang=""UK-UA"" lang=""UK-UA"" xml:lang=""UK-UA""></span><span lang=""UK-UA"" lang=""UK-UA"" xml:lang=""UK-UA"">забезпечувати належне функціонування системи моніторингу інформаційних ресурсів і процесів в інформаційно-телекомунікаційних системах;&nbsp;</span><br></p>",1,,,,0,null,,1237,,
125/вміння,125/ВМ5,"ВМ 5","<p><span lang=""UK-UA"" lang=""UK-UA"" xml:lang=""UK-UA""></span><span lang=""UK-UA"" lang=""UK-UA"" xml:lang=""UK-UA"">адаптуватися в умовах частої зміни технологій професійної діяльності, прогнозувати кінцевий результат;&nbsp;</span><br></p>",1,,,,0,null,,1186,,
125/вміння,125/ВМ50,"ВМ 50","<p><span lang=""UK-UA"" lang=""UK-UA"" xml:lang=""UK-UA""></span><span lang=""UK-UA"" lang=""UK-UA"" xml:lang=""UK-UA"">забезпечувати) функціонування програмних та програмно-апаратних комплексів виявлення вторгнень різних рівнів та класів (статистичних, сигнатурних, статистично-сигнатурних);&nbsp;</span><br></p>",1,,,,0,null,,1238,,
125/вміння,125/ВМ51,"ВМ 51","<p><span lang=""UK-UA"" lang=""UK-UA"" xml:lang=""UK-UA""></span><span lang=""UK-UA"" lang=""UK-UA"" xml:lang=""UK-UA""> </span><span lang=""UK-UA"" lang=""UK-UA"" xml:lang=""UK-UA"">підтримувати працездатність та забезпечувати конфігурування систем виявлення вторгнень в інформаційно-телекомунікаційних системах;&nbsp;</span><br></p>",1,,,,0,null,,1239,,
125/вміння,125/ВМ52,"ВМ 52","<p><span lang=""UK-UA"" lang=""UK-UA"" xml:lang=""UK-UA""></span><span lang=""UK-UA"" lang=""UK-UA"" xml:lang=""UK-UA"">використовувати інструментарій для моніторингу процесів в інформаційно-телекомунікаційних системах;&nbsp;</span><br></p>",1,,,,0,null,,1240,,
125/вміння,125/ВМ53,"ВМ 53","<p><span lang=""UK-UA"" lang=""UK-UA"" xml:lang=""UK-UA""></span><span lang=""UK-UA"" lang=""UK-UA"" xml:lang=""UK-UA"">вирішувати задачі аналізу програмного коду на наявність можливих </span><span lang=""UK-UA"" lang=""UK-UA"" xml:lang=""UK-UA"">загроз</span><br></p>",1,,,,0,null,,1241,,
125/вміння,125/ВМ54,"ВМ 54","<p><span lang=""UK-UA"" lang=""UK-UA"" xml:lang=""UK-UA""></span><span lang=""UK-UA"" lang=""UK-UA"" xml:lang=""UK-UA"">усвідомлювати цінності громадянського (вільного демократичного) суспільства та необхідність його сталого розвитку, верховенства права, прав і свобод людини і громадянина в Україні.</span><br></p>",1,,,,0,null,,1242,,
125/вміння,125/ВМ6,"ВМ 6","<p><span lang=""UK-UA"" lang=""UK-UA"" xml:lang=""UK-UA""></span><span lang=""UK-UA"" lang=""UK-UA"" xml:lang=""UK-UA"">критично осмислювати основні теорії, принципи, методи і поняття у навчанні та професійній діяльності;</span><span lang=""UK-UA"" lang=""UK-UA"" xml:lang=""UK-UA"">&nbsp;</span><br></p>",1,,,,0,null,,1187,,
125/вміння,125/ВМ7,"ВМ 7","<p><span lang=""UK-UA"" lang=""UK-UA"" xml:lang=""UK-UA""></span><span lang=""UK-UA"" lang=""UK-UA"" xml:lang=""UK-UA"">діяти на основі законодавчої та нормативно-правової бази України та вимог відповідних стандартів, у тому числі міжнародних в галузі інформаційної та /або </span><span lang=""UK-UA"" lang=""UK-UA"" xml:lang=""UK-UA"">кібербезпеки</span><span lang=""UK-UA"" lang=""UK-UA"" xml:lang=""UK-UA"">;&nbsp;</span><br></p>",1,,,,0,null,,1188,,
125/вміння,125/ВМ8,"ВМ 8","<p><span lang=""UK-UA"" lang=""UK-UA"" xml:lang=""UK-UA""></span><span lang=""UK-UA"" lang=""UK-UA"" xml:lang=""UK-UA"">готувати пропозиції до нормативних актів щодо забезпечення&nbsp; інформаційної та /або </span><span lang=""UK-UA"" lang=""UK-UA"" xml:lang=""UK-UA"">кібербезпеки</span><span lang=""UK-UA"" lang=""UK-UA"" xml:lang=""UK-UA"">;&nbsp;</span><br></p>",1,,,,0,null,,1189,,
125/вміння,125/ВМ9,"ВМ 9","<p><span lang=""UK-UA"" lang=""UK-UA"" xml:lang=""UK-UA""></span><span lang=""UK-UA"" lang=""UK-UA"" xml:lang=""UK-UA"">впроваджувати процеси, що базуються на національних та міжнародних&nbsp;стандартах, виявлення, ідентифікації, аналізу та реагування на інциденти інформаційної та/або кібербезпеки;&nbsp;</span><br></p>",1,,,,0,null,,1190,,
,125/вміння,"РЕЗУЛЬТАТИ НАВЧАННЯ -ВМІННЯ","<p><span lang=""UK-UA"" lang=""UK-UA"" xml:lang=""UK-UA"">Цей домен описує кінцеві, підсумкові та інтегративні результати навчання, що визначають нормативний зміст підготовки і корелюються з визначеним вище переліком загальних&nbsp; і спеціальних </span><span lang=""UK-UA"" lang=""UK-UA"" xml:lang=""UK-UA"">компетентностей</span><br></p>",1,,,,0,null,,1161,,
,125/Загальні,"ЗАГАЛЬНІ  КОМПЕТЕНТНОСТІ","<p><span lang=""UK-UA"" lang=""UK-UA"" xml:lang=""UK-UA"">Здатність розв’язувати складні спеціалізовані задачі та практичні проблеми у галузі забезпечення інформаційної безпеки і\або </span><span lang=""UK-UA"" lang=""UK-UA"" xml:lang=""UK-UA"">кібербезпеки</span><span lang=""UK-UA"" lang=""UK-UA"" xml:lang=""UK-UA"">, що характеризується комплексністю та неповною визначеністю умов.</span><br></p>",1,,,,0,null,,1160,,
125/Загальні,"125/КЗ 1","КЗ 1. Здатність застосовувати 	знання 	у 	практичних ситуаціях.  ","<p><span lang=""UK"">КЗ 1. &nbsp; Здатність
&nbsp;&nbsp;&nbsp; застосовувати знання &nbsp;&nbsp;&nbsp;&nbsp;&nbsp;&nbsp;&nbsp;&nbsp; у &nbsp;&nbsp;&nbsp;&nbsp;&nbsp;&nbsp;&nbsp; практичних ситуаціях.&nbsp; </span><br></p>",1,,,,0,null,,1162,,
125/Загальні,"125/КЗ 2","КЗ 2. Знання та розуміння предметної області та розуміння професії.","<p>КЗ 2. Знання та розуміння предметної області та розуміння професії.<br></p>",1,,,,0,null,,1163,,
125/Загальні,125/КЗ3,"КЗ 3. Здатність професійно спілкуватися державною та іноземною мовами як усно, так і письмово.  ","<p><span lang=""UK-UA"" lang=""UK-UA"" xml:lang=""UK-UA"">КЗ 3. Здатність </span><span lang=""UK-UA"" lang=""UK-UA"" xml:lang=""UK-UA"">професійно</span><span lang=""UK-UA"" lang=""UK-UA"" xml:lang=""UK-UA""> спілкуватися державною та іноземною мовами як усно, так і письмово.&nbsp;&nbsp;</span><br></p>",1,,,,0,null,,1165,,
125/Загальні,125/КЗ4,"КЗ 4. Вміння виявляти, ставити та вирішувати проблеми за професійним спрямуванням. ","<p><span lang=""UK-UA"" lang=""UK-UA"" xml:lang=""UK-UA"">КЗ 4. Вміння виявляти, ставити та вирішувати проблеми за професійним спрямуванням.</span><span lang=""UK-UA"" lang=""UK-UA"" xml:lang=""UK-UA"">&nbsp;</span><br></p>",1,,,,0,null,,1166,,
125/Загальні,125/КЗ5,"КЗ 5. Здатність до пошуку, оброблення та аналізу інформації. ","<p>КЗ 5. Здатність до пошуку, оброблення та аналізу інформації.&nbsp;<br></p>",1,,,,0,null,,1167,,
125/Загальні,125/КЗ6,"КЗ 6. Здатність реалізувати свої права і обов’язки як члена суспільства, усвідомлювати цінності гром","<p>КЗ 6. Здатність реалізувати свої права і обов’язки як члена суспільства, усвідомлювати цінності громадянського (вільного демократичного) суспільства та необхідність його сталого розвитку, верховенства права, прав і свобод людини і громадянина в Україні;<br></p>",1,,,,0,null,,1168,,
125/Загальні,125/КЗ7,"КЗ 7. Здатність зберігати та примножувати моральні, культурні, наукові цінності і досягнення суспіль","<p>КЗ 7. Здатність зберігати та примножувати моральні, культурні, наукові цінності і досягнення суспільства на основі розуміння історії та закономірностей розвитку предметної області, її місця у загальній системі знань про природу і суспільство та у розвитку суспільства, техніки і технологій, використовувати різні види та форми рухової активності для активного відпочинку та ведення здорового способу життя.&nbsp;<br></p>",1,,,,0,null,,1169,,
125/Фахові,125/КФ1,"КФ 1. Здатність застосовувати законодавчу та нормативноправову базу, а також державні та міжнародні ","<p><span lang=""UK-UA"" lang=""UK-UA"" xml:lang=""UK-UA"">КФ 1. Здатність застосовувати законодавчу та </span><span lang=""UK-UA"" lang=""UK-UA"" xml:lang=""UK-UA"">нормативноправову</span><span lang=""UK-UA"" lang=""UK-UA"" xml:lang=""UK-UA""> базу, а також державні та міжнародні вимоги, практики і стандарти з метою здійснення професійної діяльності в галузі інформаційної та/або </span><span lang=""UK-UA"" lang=""UK-UA"" xml:lang=""UK-UA"">кібербезпеки</span><span lang=""UK-UA"" lang=""UK-UA"" xml:lang=""UK-UA"">.&nbsp;</span><br></p>",1,,,,0,null,,1170,,
125/Фахові,125/КФ10,"КФ 10. Здатність застосовувати методи та засоби криптографічного та технічного захисту інформації на","<p>КФ 10. Здатність застосовувати методи та засоби криптографічного та технічного захисту інформації на об’єктах інформаційної діяльності.<br></p>",1,,,,0,null,,1179,,
125/Фахові,125/КФ11,"КФ 11. Здатність виконувати моніторинг процесів функціонування інформаційних, інформаційно-телекомун","<p><span lang=""UK-UA"" lang=""UK-UA"" xml:lang=""UK-UA"">КФ 11. Здатність виконувати моніторинг процесів функціонування інформаційних, інформаційно</span><span lang=""UK-UA"" lang=""UK-UA"" xml:lang=""UK-UA"">-</span><span lang=""UK-UA"" lang=""UK-UA"" xml:lang=""UK-UA"">телекомунікаційних (автоматизованих) систем згідно встановленої політики інформаційної та/або </span><span lang=""UK-UA"" lang=""UK-UA"" xml:lang=""UK-UA"">кібербезпеки</span><br></p>",1,,,,0,null,,1180,,
125/Фахові,125/КФ12,"КФ 12. Здатність аналізувати, виявляти та оцінювати можливі загрози, уразливості та дестабілізуючі ч","<p><span lang=""UK-UA"" lang=""UK-UA"" xml:lang=""UK-UA"">КФ 12. Здатність аналізувати, виявляти та оцінювати можливі загрози, уразливості та дестабілізуючі чинники інформаційному простору та інформаційним ресурсам згідно з встановленою політикою інформаційної та/або </span><span lang=""UK-UA"" lang=""UK-UA"" xml:lang=""UK-UA"">кібербезпеки</span><span lang=""UK-UA"" lang=""UK-UA"" xml:lang=""UK-UA"">.</span><br></p>",1,,,,0,null,,1181,,
125/Фахові,125/КФ2,"КФ 2. Здатність до використання інформаційно-комунікаційних технологій, сучасних методів і моделей і","<p><span lang=""UK-UA"" lang=""UK-UA"" xml:lang=""UK-UA"">КФ 2. Здатність до використання інформаційно</span><span lang=""UK-UA"" lang=""UK-UA"" xml:lang=""UK-UA"">-</span><span lang=""UK-UA"" lang=""UK-UA"" xml:lang=""UK-UA"">комунікаційних технологій, сучасних методів і моделей інформаційної безпеки та/або </span><span lang=""UK-UA"" lang=""UK-UA"" xml:lang=""UK-UA"">кібербезпеки</span><span lang=""UK-UA"" lang=""UK-UA"" xml:lang=""UK-UA"">.</span><br></p>",1,,,,0,null,,1171,,
125/Фахові,125/КФ3,"КФ 3. Здатність до використання програмних та програмно-апаратних комплексів засобів захисту інформа","<p><span lang=""UK-UA"" lang=""UK-UA"" xml:lang=""UK-UA"">КФ 3. Здатність до використання програмних та </span><span lang=""UK-UA"" lang=""UK-UA"" xml:lang=""UK-UA"">програмно</span><span lang=""UK-UA"" lang=""UK-UA"" xml:lang=""UK-UA"">-</span><span lang=""UK-UA"" lang=""UK-UA"" xml:lang=""UK-UA"">апаратних</span><span lang=""UK-UA"" lang=""UK-UA"" xml:lang=""UK-UA""> </span><span lang=""UK-UA"" lang=""UK-UA"" xml:lang=""UK-UA"">комплексів </span><span lang=""UK-UA"" lang=""UK-UA"" xml:lang=""UK-UA"">засобів </span><span lang=""UK-UA"" lang=""UK-UA"" xml:lang=""UK-UA"">захисту </span><span lang=""UK-UA"" lang=""UK-UA"" xml:lang=""UK-UA"">інформації </span><span lang=""UK-UA"" lang=""UK-UA"" xml:lang=""UK-UA"">в інформаційно-телекомунікаційних </span><span lang=""UK-UA"" lang=""UK-UA"" xml:lang=""UK-UA"">(автоматизованих) системах.&nbsp;</span><br></p>",1,,,,0,null,,1172,,
125/Фахові,125/КФ4,"КФ 4. Здатність забезпечувати неперервність бізнесу згідно встановленої політики інформаційної та/аб","<p><span lang=""UK-UA"" lang=""UK-UA"" xml:lang=""UK-UA"">КФ 4. Здатність забезпечувати неперервність бізнесу згідно встановленої політики інформаційної та/або </span><span lang=""UK-UA"" lang=""UK-UA"" xml:lang=""UK-UA"">кібербезпеки</span><span lang=""UK-UA"" lang=""UK-UA"" xml:lang=""UK-UA"">.</span><br></p>",1,,,,0,null,,1173,,
125/Фахові,125/КФ5,"КФ 5. Здатність забезпечувати захист інформації, що обробляється в інформаційно-телекомунікаційних ","<p>К<span lang=""UK-UA"" lang=""UK-UA"" xml:lang=""UK-UA"">Ф 5. Здатність забезпечувати захист інформації, що обробляється в інформаційно-телекомунікаційних (автоматизованих)&nbsp; системах з метою реалізації встановленої політики інформаційної та/або </span><span lang=""UK-UA"" lang=""UK-UA"" xml:lang=""UK-UA"">кібербезпеки</span><span lang=""UK-UA"" lang=""UK-UA"" xml:lang=""UK-UA"">.&nbsp;</span><br></p>",1,,,,0,null,,1174,,
125/Фахові,125/КФ6,"КФ 6. Здатність відновлювати штатне функціонування інформаційних, інформаційно-телекомунікаційних ","<p>КФ 6. Здатність відновлювати штатне функціонування інформаційних, інформаційно-телекомунікаційних (автоматизованих) систем після реалізації загроз , здійснення кібератак, збоїв та відмов різних класів та походження.<br></p>",1,,,,0,null,,1175,,
125/Фахові,125/КФ7,"КФ 7. Здатність впроваджувати та забезпечувати функціонування комплексних систем захисту інформації ","<p>КФ 7. Здатність впроваджувати та забезпечувати функціонування комплексних систем захисту інформації (комплекси нормативно-правових, організаційних та технічних засобів і методів, процедур, практичних прийомів та ін.)&nbsp;&nbsp;<br></p>",1,,,,0,null,,1176,,
125/Фахові,125/КФ8,"КФ 8. Здатність здійснювати процедури управління інцидентами, проводити розслідування, надавати їм о","<p>КФ 8. Здатність здійснювати процедури управління інцидентами, проводити розслідування, надавати їм оцінку.<br></p>",1,,,,0,null,,1177,,
125/Фахові,125/КФ9,"КФ 9. Здатність здійснювати професійну діяльність на основі впровадженої системи управління інформац","<p><br><div><div><div id=""{0c251348-b150-423a-b78b-2c2a7e6f1515}{112}"" aria-hidden=""true""></div><table border=""1""><tbody><tr role=""row""><td data-celllook=""4369""><div><div><p paraeid=""{a3a32bc6-23d5-4805-891c-ecd84836ca29}{47}"" paraid=""1049163080""><span lang=""UK-UA"" lang=""UK-UA"" xml:lang=""UK-UA"">КФ 9. Здатність здійснювати професійну діяльність на основі впровадженої системи управління інформаційною&nbsp;</span><span data-ccp-props='{""201341983"":0,""335551550"":6,""335551620"":6,""335559685"":2,""335559739"":15,""335559740"":259,""335559991"":10}'>&nbsp;<span lang=""UK-UA"" lang=""UK-UA"" xml:lang=""UK-UA"">та/або </span><span lang=""UK-UA"" lang=""UK-UA"" xml:lang=""UK-UA"">кібербезпекою</span></span></p></div></div></td></tr><tr role=""row""><td data-celllook=""4369""><div><div><p paraeid=""{a3a32bc6-23d5-4805-891c-ecd84836ca29}{60}"" paraid=""1412442356""><span lang=""UK-UA"" lang=""UK-UA"" xml:lang=""UK-UA"">.&nbsp;</span><span data-ccp-props='{""201341983"":0,""335551550"":1,""335551620"":1,""335559685"":3019,""335559739"":15,""335559740"":259,""335559991"":10}'>&nbsp;</span></p></div></div></td></tr></tbody></table></div></div><br></p>",1,,,,0,null,,1178,,
,125/Фахові,"ФАХОВІ КОМПЕТЕНТНОСТІ",,1,,,,0,null,,1164,,
